{"polyfill":["/polyfill-25b73876df0a2c080a82.js"],"app":["/app-71e5f9c1fa610fdcdc33.js"],"component---src-pages-404-js":["/component---src-pages-404-js-f27f40c287e894978e59.js"],"component---src-pages-about-js":["/component---src-pages-about-js-6f358b9ee6e59cb4c044.js"],"component---src-pages-contact-js":["/component---src-pages-contact-js-c200142b91502e1d8243.js"],"component---src-pages-index-js":["/component---src-pages-index-js-64bec5bd5c00c3046b5a.js"],"component---src-pages-services-js":["/component---src-pages-services-js-0dc231cbbbbc4bd76ae9.js"],"component---src-pages-work-js":["/component---src-pages-work-js-49d63400ad046b35d792.js"]}