{"errors":[],"warnings":[],"namedChunkGroups":{"polyfill":{"chunks":[3,13],"assets":["webpack-runtime-d8797c04c5787bdcb508.js","webpack-runtime-d8797c04c5787bdcb508.js.map","polyfill-25b73876df0a2c080a82.js","polyfill-25b73876df0a2c080a82.js.map"],"children":{},"childAssets":{}},"app":{"chunks":[3,14,12,4,5],"assets":["webpack-runtime-d8797c04c5787bdcb508.js","webpack-runtime-d8797c04c5787bdcb508.js.map","styles.05e2f7b66bc786bd8168.css","styles-e383b929d2d4095ae339.js","styles-e383b929d2d4095ae339.js.map","framework-81279cacaab4bdba7685.js","framework-81279cacaab4bdba7685.js.map","5e2a4920-5e327f5a262b61a59e2f.js","5e2a4920-5e327f5a262b61a59e2f.js.map","app-71e5f9c1fa610fdcdc33.js","app-71e5f9c1fa610fdcdc33.js.map"],"children":{},"childAssets":{}},"component---src-pages-404-js":{"chunks":[0,6],"assets":["commons-b092be0fb5714fa80e0e.js","commons-b092be0fb5714fa80e0e.js.map","component---src-pages-404-js-f27f40c287e894978e59.js","component---src-pages-404-js-f27f40c287e894978e59.js.map"],"children":{},"childAssets":{}},"component---src-pages-about-js":{"chunks":[0,1,2,7],"assets":["commons-b092be0fb5714fa80e0e.js","commons-b092be0fb5714fa80e0e.js.map","9e7cd65310590630f3b0b14d754e07c48cbd4a5d-715f14f7b45c09cc273c.js","9e7cd65310590630f3b0b14d754e07c48cbd4a5d-715f14f7b45c09cc273c.js.map","d4ad233efeb1d959420253442063e6db7488fdeb-4d70f7daf883fcd8f64b.js","d4ad233efeb1d959420253442063e6db7488fdeb-4d70f7daf883fcd8f64b.js.map","component---src-pages-about-js-6f358b9ee6e59cb4c044.js","component---src-pages-about-js-6f358b9ee6e59cb4c044.js.map"],"children":{},"childAssets":{}},"component---src-pages-contact-js":{"chunks":[0,8],"assets":["commons-b092be0fb5714fa80e0e.js","commons-b092be0fb5714fa80e0e.js.map","component---src-pages-contact-js-c200142b91502e1d8243.js","component---src-pages-contact-js-c200142b91502e1d8243.js.map"],"children":{},"childAssets":{}},"component---src-pages-index-js":{"chunks":[0,1,2,9],"assets":["commons-b092be0fb5714fa80e0e.js","commons-b092be0fb5714fa80e0e.js.map","9e7cd65310590630f3b0b14d754e07c48cbd4a5d-715f14f7b45c09cc273c.js","9e7cd65310590630f3b0b14d754e07c48cbd4a5d-715f14f7b45c09cc273c.js.map","d4ad233efeb1d959420253442063e6db7488fdeb-4d70f7daf883fcd8f64b.js","d4ad233efeb1d959420253442063e6db7488fdeb-4d70f7daf883fcd8f64b.js.map","component---src-pages-index-js-64bec5bd5c00c3046b5a.js","component---src-pages-index-js-64bec5bd5c00c3046b5a.js.map"],"children":{},"childAssets":{}},"component---src-pages-services-js":{"chunks":[0,10],"assets":["commons-b092be0fb5714fa80e0e.js","commons-b092be0fb5714fa80e0e.js.map","component---src-pages-services-js-0dc231cbbbbc4bd76ae9.js","component---src-pages-services-js-0dc231cbbbbc4bd76ae9.js.map"],"children":{},"childAssets":{}},"component---src-pages-work-js":{"chunks":[0,1,11],"assets":["commons-b092be0fb5714fa80e0e.js","commons-b092be0fb5714fa80e0e.js.map","9e7cd65310590630f3b0b14d754e07c48cbd4a5d-715f14f7b45c09cc273c.js","9e7cd65310590630f3b0b14d754e07c48cbd4a5d-715f14f7b45c09cc273c.js.map","component---src-pages-work-js-49d63400ad046b35d792.js","component---src-pages-work-js-49d63400ad046b35d792.js.map"],"children":{},"childAssets":{}}},"assetsByChunkName":{"polyfill":["webpack-runtime-d8797c04c5787bdcb508.js","polyfill-25b73876df0a2c080a82.js"],"app":["webpack-runtime-d8797c04c5787bdcb508.js","styles.05e2f7b66bc786bd8168.css","styles-e383b929d2d4095ae339.js","framework-81279cacaab4bdba7685.js","5e2a4920-5e327f5a262b61a59e2f.js","app-71e5f9c1fa610fdcdc33.js"],"component---src-pages-404-js":["commons-b092be0fb5714fa80e0e.js","component---src-pages-404-js-f27f40c287e894978e59.js"],"component---src-pages-about-js":["commons-b092be0fb5714fa80e0e.js","9e7cd65310590630f3b0b14d754e07c48cbd4a5d-715f14f7b45c09cc273c.js","d4ad233efeb1d959420253442063e6db7488fdeb-4d70f7daf883fcd8f64b.js","component---src-pages-about-js-6f358b9ee6e59cb4c044.js"],"component---src-pages-contact-js":["commons-b092be0fb5714fa80e0e.js","component---src-pages-contact-js-c200142b91502e1d8243.js"],"component---src-pages-index-js":["commons-b092be0fb5714fa80e0e.js","9e7cd65310590630f3b0b14d754e07c48cbd4a5d-715f14f7b45c09cc273c.js","d4ad233efeb1d959420253442063e6db7488fdeb-4d70f7daf883fcd8f64b.js","component---src-pages-index-js-64bec5bd5c00c3046b5a.js"],"component---src-pages-services-js":["commons-b092be0fb5714fa80e0e.js","component---src-pages-services-js-0dc231cbbbbc4bd76ae9.js"],"component---src-pages-work-js":["commons-b092be0fb5714fa80e0e.js","9e7cd65310590630f3b0b14d754e07c48cbd4a5d-715f14f7b45c09cc273c.js","component---src-pages-work-js-49d63400ad046b35d792.js"]}}